{
    "DoubleArrays": [
        {
            "time": 0.6,
            "array": [
                -52.900000000000009,
                35.6,
                60.1,
                -53.3,
                -35.7,
                -58.5,
                17.700000762939454,
                -26.0
            ]
        },
        {
            "time": 1.0,
            "array": [
                35.000000137425328,
                64.6999972022827,
                16.999998159400805,
                34.999996322728048,
                -63.79998804347544,
                -15.2999878530432,
                -11.600006103515624,
                0.0
            ]
        }
    ],
    "Tag": "CONFUSED"
}